SERIAL NUMBER,ID,RESULT,RESPONSE TIME,STATUS CODE,"ERROR CODE","ERROR MESSAGE",ENVIRONMENT,VERSION
1,,PASS,816,200,"","",arc,v1
2,,PASS,210,200,"","",arc,v1
3,,PASS,207,200,"","",arc,v1
4,,PASS,208,200,"","",arc,v1
5,,PASS,216,200,"","",arc,v1
6,,PASS,207,200,"","",arc,v1
7,,PASS,207,200,"","",arc,v1
8,,PASS,206,200,"","",arc,v1
9,,PASS,207,200,"","",arc,v1
10,,PASS,208,200,"","",arc,v1
11,,PASS,211,200,"","",arc,v1
12,,PASS,209,200,"","",arc,v1
13,,PASS,208,200,"","",arc,v1
14,,PASS,221,200,"","",arc,v1
15,,PASS,206,200,"","",arc,v1
16,,PASS,223,200,"","",arc,v1
17,,PASS,207,200,"","",arc,v1
18,,PASS,209,200,"","",arc,v1
19,,PASS,206,200,"","",arc,v1
20,,PASS,207,200,"","",arc,v1
21,,PASS,207,200,"","",arc,v1
22,,PASS,207,200,"","",arc,v1
23,,PASS,207,200,"","",arc,v1
24,,PASS,206,200,"","",arc,v1
25,,PASS,207,200,"","",arc,v1
26,,PASS,206,200,"","",arc,v1
27,,PASS,206,200,"","",arc,v1
28,,PASS,208,200,"","",arc,v1
29,,PASS,210,200,"","",arc,v1
30,,PASS,211,200,"","",arc,v1
31,,PASS,208,200,"","",arc,v1
32,,PASS,208,200,"","",arc,v1
33,,PASS,207,200,"","",arc,v1
34,,PASS,208,200,"","",arc,v1
35,,PASS,214,200,"","",arc,v1
36,,PASS,210,200,"","",arc,v1
37,,PASS,207,200,"","",arc,v1
38,,PASS,206,200,"","",arc,v1
39,,PASS,208,200,"","",arc,v1
40,,PASS,208,200,"","",arc,v1
41,,PASS,205,200,"","",arc,v1
42,,PASS,207,200,"","",arc,v1
43,,PASS,210,200,"","",arc,v1
44,,PASS,207,200,"","",arc,v1
45,,PASS,207,200,"","",arc,v1
46,,PASS,207,200,"","",arc,v1
47,,PASS,207,200,"","",arc,v1
48,,PASS,211,200,"","",arc,v1
49,,PASS,206,200,"","",arc,v1
50,,PASS,208,200,"","",arc,v1
51,,PASS,209,200,"","",arc,v1
52,,PASS,206,200,"","",arc,v1
53,,PASS,206,200,"","",arc,v1
54,,PASS,207,200,"","",arc,v1
55,,PASS,208,200,"","",arc,v1
56,,PASS,206,200,"","",arc,v1
57,,PASS,206,200,"","",arc,v1
58,,PASS,208,200,"","",arc,v1
59,,PASS,207,200,"","",arc,v1
60,,PASS,210,200,"","",arc,v1
61,,PASS,206,200,"","",arc,v1
62,,PASS,210,200,"","",arc,v1
63,,PASS,207,200,"","",arc,v1
64,,PASS,205,200,"","",arc,v1
65,,PASS,210,200,"","",arc,v1
66,,PASS,209,200,"","",arc,v1
67,,PASS,207,200,"","",arc,v1
68,,PASS,206,200,"","",arc,v1
69,,PASS,209,200,"","",arc,v1
70,,PASS,207,200,"","",arc,v1
71,,PASS,205,200,"","",arc,v1
72,,PASS,212,200,"","",arc,v1
73,,PASS,206,200,"","",arc,v1
74,,PASS,206,200,"","",arc,v1
75,,PASS,207,200,"","",arc,v1
76,,PASS,217,200,"","",arc,v1
77,,PASS,208,200,"","",arc,v1
78,,PASS,207,200,"","",arc,v1
79,,PASS,206,200,"","",arc,v1
80,,PASS,212,200,"","",arc,v1
81,,PASS,208,200,"","",arc,v1
82,,PASS,206,200,"","",arc,v1
83,,PASS,214,200,"","",arc,v1
84,,PASS,207,200,"","",arc,v1
85,,PASS,216,200,"","",arc,v1
86,,PASS,211,200,"","",arc,v1
87,,PASS,207,200,"","",arc,v1
88,,PASS,206,200,"","",arc,v1
89,,PASS,208,200,"","",arc,v1
90,,PASS,216,200,"","",arc,v1
91,,PASS,212,200,"","",arc,v1
92,,PASS,217,200,"","",arc,v1
93,,PASS,216,200,"","",arc,v1
94,,PASS,208,200,"","",arc,v1
95,,PASS,209,200,"","",arc,v1
96,,PASS,213,200,"","",arc,v1
97,,PASS,206,200,"","",arc,v1
98,,PASS,238,200,"","",arc,v1
99,,PASS,210,200,"","",arc,v1
100,,PASS,207,200,"","",arc,v1
101,,PASS,208,200,"","",arc,v1
102,,PASS,207,200,"","",arc,v1
103,,PASS,205,200,"","",arc,v1
104,,PASS,205,200,"","",arc,v1
105,,PASS,207,200,"","",arc,v1
106,,PASS,206,200,"","",arc,v1
107,,PASS,205,200,"","",arc,v1
108,,PASS,208,200,"","",arc,v1
109,,PASS,205,200,"","",arc,v1
110,,PASS,206,200,"","",arc,v1
111,,PASS,207,200,"","",arc,v1
112,,PASS,207,200,"","",arc,v1
113,,PASS,205,200,"","",arc,v1
114,,PASS,210,200,"","",arc,v1
115,,PASS,205,200,"","",arc,v1
116,,PASS,205,200,"","",arc,v1
117,,PASS,208,200,"","",arc,v1
118,,PASS,208,200,"","",arc,v1
119,,PASS,206,200,"","",arc,v1
120,,PASS,207,200,"","",arc,v1
