SERIAL NUMBER,ID,RESULT,RESPONSE TIME,STATUS CODE,"ERROR CODE","ERROR MESSAGE",ENVIRONMENT,VERSION, , ,AverageResponseOfID,MaximumDuration,MinimunDuration,Mode,Median
1,298388,FALSE,11474,200,"0001 0001 0001","The person 298388 does not exist. The person 298388 does not exist. The person 298388 does not exist.",arc,v1, , ,4219.449,25008,2310,2613,3478,
2,279529,FALSE,11250,200,"0001","The person 279529 does not exist.",arc,v1, , ,,,,,
3,298468,FALSE,12764,200,"0001 0001 0001","The person 298468 does not exist. The person 298468 does not exist. The person 298468 does not exist.",arc,v1, , ,,,,,
4,280125,FALSE,11758,200,"0001","The person 280125 does not exist.",arc,v1, , ,,,,,
5,298668,FALSE,11569,200,"0001 0001 0001","The person 298668 does not exist. The person 298668 does not exist. The person 298668 does not exist.",arc,v1, , ,,,,,
6,280209,FALSE,13885,200,"0001","The person 280209 does not exist.",arc,v1, , ,,,,,
7,298928,FALSE,14606,200,"0001 0001 0001","The person 298928 does not exist. The person 298928 does not exist. The person 298928 does not exist.",arc,v1, , ,,,,,
8,292791,FALSE,12768,200,"0001","The person 292791 does not exist.",arc,v1, , ,,,,,
9,299709,FALSE,9877,200,"0001 0001 0001","The person 299709 does not exist. The person 299709 does not exist. The person 299709 does not exist.",arc,v1, , ,,,,,
10,292889,FALSE,9837,200,"0001","The person 292889 does not exist.",arc,v1, , ,,,,,
11,299012,FALSE,9522,200,"0001 0001 0001","The person 299012 does not exist. The person 299012 does not exist. The person 299012 does not exist.",arc,v1, , ,,,,,
12,299409,FALSE,9552,200,"0001 0001 0001","The person 299409 does not exist. The person 299409 does not exist. The person 299409 does not exist.",arc,v1, , ,,,,,
13,300123,FALSE,10935,200,"0001 0001 0001","The person 300123 does not exist. The person 300123 does not exist. The person 300123 does not exist.",arc,v1, , ,,,,,
14,293596,FALSE,10811,200,"0001","The person 293596 does not exist.",arc,v1, , ,,,,,
15,300134,FALSE,10783,200,"0001 0001 0001","The person 300134 does not exist. The person 300134 does not exist. The person 300134 does not exist.",arc,v1, , ,,,,,
16,300519,FALSE,12694,200,"0001 0001 0001","The person 300519 does not exist. The person 300519 does not exist. The person 300519 does not exist.",arc,v1, , ,,,,,
17,301112,FALSE,11462,200,"0001 0001 0001","The person 301112 does not exist. The person 301112 does not exist. The person 301112 does not exist.",arc,v1, , ,,,,,
18,293968,FALSE,12618,200,"0001","The person 293968 does not exist.",arc,v1, , ,,,,,
19,300808,FALSE,11513,200,"0001 0001 0001","The person 300808 does not exist. The person 300808 does not exist. The person 300808 does not exist.",arc,v1, , ,,,,,
20,293850,FALSE,2866,200,"0001","The person 293850 does not exist.",arc,v1, , ,,,,,
21,301254,FALSE,3031,200,"0001 0001 0001","The person 301254 does not exist. The person 301254 does not exist. The person 301254 does not exist.",arc,v1, , ,,,,,
22,294088,FALSE,3020,200,"0001","The person 294088 does not exist.",arc,v1, , ,,,,,
23,301195,FALSE,2922,200,"0001 0001 0001","The person 301195 does not exist. The person 301195 does not exist. The person 301195 does not exist.",arc,v1, , ,,,,,
24,294108,FALSE,2979,200,"0001","The person 294108 does not exist.",arc,v1, , ,,,,,
25,301790,FALSE,2966,200,"0001 0001 0001","The person 301790 does not exist. The person 301790 does not exist. The person 301790 does not exist.",arc,v1, , ,,,,,
26,301269,FALSE,3508,200,"0001 0001 0001","The person 301269 does not exist. The person 301269 does not exist. The person 301269 does not exist.",arc,v1, , ,,,,,
27,301408,FALSE,4018,200,"0001 0001 0001","The person 301408 does not exist. The person 301408 does not exist. The person 301408 does not exist.",arc,v1, , ,,,,,
28,302468,FALSE,2902,200,"0001 0001 0001","The person 302468 does not exist. The person 302468 does not exist. The person 302468 does not exist.",arc,v1, , ,,,,,
29,281969,FALSE,3043,200,"0001","The person 281969 does not exist.",arc,v1, , ,,,,,
30,302471,FALSE,2884,200,"0001 0001 0001","The person 302471 does not exist. The person 302471 does not exist. The person 302471 does not exist.",arc,v1, , ,,,,,
31,302755,FALSE,4208,200,"0001 0001 0001","The person 302755 does not exist. The person 302755 does not exist. The person 302755 does not exist.",arc,v1, , ,,,,,
32,282126,FALSE,4246,200,"0001","The person 282126 does not exist.",arc,v1, , ,,,,,
33,303589,FALSE,4751,200,"0001 0001 0001","The person 303589 does not exist. The person 303589 does not exist. The person 303589 does not exist.",arc,v1, , ,,,,,
34,303591,FALSE,9210,200,"0001 0001 0001","The person 303591 does not exist. The person 303591 does not exist. The person 303591 does not exist.",arc,v1, , ,,,,,
35,142303,PASS,3530,200,"","",arc,v1, , ,,,,,
36,303594,FALSE,9122,200,"0001 0001 0001","The person 303594 does not exist. The person 303594 does not exist. The person 303594 does not exist.",arc,v1, , ,,,,,
37,281968,FALSE,4268,200,"0001","The person 281968 does not exist.",arc,v1, , ,,,,,
38,303960,FALSE,3986,200,"0001 0001 0001","The person 303960 does not exist. The person 303960 does not exist. The person 303960 does not exist.",arc,v1, , ,,,,,
39,282106,FALSE,10740,200,"0001","The person 282106 does not exist.",arc,v1, , ,,,,,
40,303964,FALSE,4457,200,"0001 0001 0001","The person 303964 does not exist. The person 303964 does not exist. The person 303964 does not exist.",arc,v1, , ,,,,,
41,294788,FALSE,13591,200,"0001","The person 294788 does not exist.",arc,v1, , ,,,,,
42,304448,FALSE,3561,200,"0001 0001 0001","The person 304448 does not exist. The person 304448 does not exist. The person 304448 does not exist.",arc,v1, , ,,,,,
43,282146,FALSE,4891,200,"0001","The person 282146 does not exist.",arc,v1, , ,,,,,
44,304649,FALSE,3793,200,"0001 0001 0001","The person 304649 does not exist. The person 304649 does not exist. The person 304649 does not exist.",arc,v1, , ,,,,,
45,294430,FALSE,6532,200,"0001 0002 0364 0360 0362","The person 294430 does not exist. The MonthlySalaryToBeCharged field is mandatory. Salary Start date must be after the last account closing. The salary start date must be between the opening access date and the closure access date. Cannot find a payroll employment rate on the salary start date.",arc,v1, , ,,,,,
46,304959,FALSE,3457,200,"0001 0001 0001","The person 304959 does not exist. The person 304959 does not exist. The person 304959 does not exist.",arc,v1, , ,,,,,
47,304953,FALSE,3777,200,"0001 0001 0001","The person 304953 does not exist. The person 304953 does not exist. The person 304953 does not exist.",arc,v1, , ,,,,,
48,282045,FALSE,4028,200,"0001","The person 282045 does not exist.",arc,v1, , ,,,,,
49,304956,FALSE,4003,200,"0001 0001 0001","The person 304956 does not exist. The person 304956 does not exist. The person 304956 does not exist.",arc,v1, , ,,,,,
50,294689,FALSE,7606,200,"0001","The person 294689 does not exist.",arc,v1, , ,,,,,
51,305282,FALSE,5322,200,"0001 0001 0001","The person 305282 does not exist. The person 305282 does not exist. The person 305282 does not exist.",arc,v1, , ,,,,,
52,295268,FALSE,19208,200,"0001","The person 295268 does not exist.",arc,v1, , ,,,,,
53,303965,FALSE,3366,200,"0001 0001 0001","The person 303965 does not exist. The person 303965 does not exist. The person 303965 does not exist.",arc,v1, , ,,,,,
54,282105,FALSE,4449,200,"0001","The person 282105 does not exist.",arc,v1, , ,,,,,
55,305285,FALSE,3881,200,"0001 0001 0001","The person 305285 does not exist. The person 305285 does not exist. The person 305285 does not exist.",arc,v1, , ,,,,,
56,295408,FALSE,3923,200,"0001","The person 295408 does not exist.",arc,v1, , ,,,,,
57,305287,FALSE,3430,200,"0001 0001 0001","The person 305287 does not exist. The person 305287 does not exist. The person 305287 does not exist.",arc,v1, , ,,,,,
58,305278,FALSE,5760,200,"0001 0001 0001","The person 305278 does not exist. The person 305278 does not exist. The person 305278 does not exist.",arc,v1, , ,,,,,
59,295488,FALSE,4521,200,"0001","The person 295488 does not exist.",arc,v1, , ,,,,,
60,305478,FALSE,3760,200,"0001 0001 0001","The person 305478 does not exist. The person 305478 does not exist. The person 305478 does not exist.",arc,v1, , ,,,,,
61,295031,FALSE,3869,200,"0001","The person 295031 does not exist.",arc,v1, , ,,,,,
62,306122,FALSE,3986,200,"0001 0001 0001","The person 306122 does not exist. The person 306122 does not exist. The person 306122 does not exist.",arc,v1, , ,,,,,
63,295792,FALSE,16416,200,"0001","The person 295792 does not exist.",arc,v1, , ,,,,,
64,306126,FALSE,5236,200,"0001 0001 0001","The person 306126 does not exist. The person 306126 does not exist. The person 306126 does not exist.",arc,v1, , ,,,,,
65,295794,FALSE,3280,200,"0001","The person 295794 does not exist.",arc,v1, , ,,,,,
66,306380,FALSE,2618,200,"0001 0001 0001","The person 306380 does not exist. The person 306380 does not exist. The person 306380 does not exist.",arc,v1, , ,,,,,
67,306384,FALSE,3042,200,"0001 0001 0001","The person 306384 does not exist. The person 306384 does not exist. The person 306384 does not exist.",arc,v1, , ,,,,,
68,295816,FALSE,2613,200,"0001","The person 295816 does not exist.",arc,v1, , ,,,,,
69,306544,FALSE,2787,200,"0001 0001 0001","The person 306544 does not exist. The person 306544 does not exist. The person 306544 does not exist.",arc,v1, , ,,,,,
70,296090,FALSE,2673,200,"0001","The person 296090 does not exist.",arc,v1, , ,,,,,
71,306759,FALSE,3443,200,"0001 0001 0001","The person 306759 does not exist. The person 306759 does not exist. The person 306759 does not exist.",arc,v1, , ,,,,,
72,307379,FALSE,3682,200,"0001 0001 0001","The person 307379 does not exist. The person 307379 does not exist. The person 307379 does not exist.",arc,v1, , ,,,,,
73,296369,FALSE,2653,200,"0001","The person 296369 does not exist.",arc,v1, , ,,,,,
74,307381,FALSE,2478,200,"0001 0001 0001","The person 307381 does not exist. The person 307381 does not exist. The person 307381 does not exist.",arc,v1, , ,,,,,
75,296490,FALSE,2770,200,"0001","The person 296490 does not exist.",arc,v1, , ,,,,,
76,307687,FALSE,3242,200,"0001 0001 0001","The person 307687 does not exist. The person 307687 does not exist. The person 307687 does not exist.",arc,v1, , ,,,,,
77,307690,FALSE,5018,200,"0001 0001 0001","The person 307690 does not exist. The person 307690 does not exist. The person 307690 does not exist.",arc,v1, , ,,,,,
78,296769,FALSE,6425,200,"0001 0001 0001","The person 296769 does not exist. The person 296769 does not exist. The person 296769 does not exist.",arc,v1, , ,,,,,
79,307384,FALSE,12617,200,"0001 0001 0001","The person 307384 does not exist. The person 307384 does not exist. The person 307384 does not exist.",arc,v1, , ,,,,,
80,296849,FALSE,3089,200,"0001 0001 0001","The person 296849 does not exist. The person 296849 does not exist. The person 296849 does not exist.",arc,v1, , ,,,,,
81,307691,FALSE,2566,200,"0001 0001 0001","The person 307691 does not exist. The person 307691 does not exist. The person 307691 does not exist.",arc,v1, , ,,,,,
82,307917,FALSE,3483,200,"0001 0001 0001","The person 307917 does not exist. The person 307917 does not exist. The person 307917 does not exist.",arc,v1, , ,,,,,
83,296908,FALSE,2600,200,"0001","The person 296908 does not exist.",arc,v1, , ,,,,,
84,307692,FALSE,2613,200,"0001 0001 0001","The person 307692 does not exist. The person 307692 does not exist. The person 307692 does not exist.",arc,v1, , ,,,,,
85,296971,FALSE,2474,200,"0001 0001 0001","The person 296971 does not exist. The person 296971 does not exist. The person 296971 does not exist.",arc,v1, , ,,,,,
86,307694,FALSE,2640,200,"0001 0001 0001","The person 307694 does not exist. The person 307694 does not exist. The person 307694 does not exist.",arc,v1, , ,,,,,
87,297250,FALSE,2952,200,"0001 0001 0001","The person 297250 does not exist. The person 297250 does not exist. The person 297250 does not exist.",arc,v1, , ,,,,,
88,308877,FALSE,2310,200,"0001 0001 0001","The person 308877 does not exist. The person 308877 does not exist. The person 308877 does not exist.",arc,v1, , ,,,,,
89,311634,FALSE,2504,200,"0001 0001 0001","The person 311634 does not exist. The person 311634 does not exist. The person 311634 does not exist.",arc,v1, , ,,,,,
90,297268,FALSE,2683,200,"0001 0001 0001","The person 297268 does not exist. The person 297268 does not exist. The person 297268 does not exist.",arc,v1, , ,,,,,
91,311629,FALSE,2705,200,"0001 0001 0001","The person 311629 does not exist. The person 311629 does not exist. The person 311629 does not exist.",arc,v1, , ,,,,,
92,311631,FALSE,2910,200,"0001 0001 0001","The person 311631 does not exist. The person 311631 does not exist. The person 311631 does not exist.",arc,v1, , ,,,,,
93,297273,FALSE,2700,200,"0001 0001 0001","The person 297273 does not exist. The person 297273 does not exist. The person 297273 does not exist.",arc,v1, , ,,,,,
94,311636,FALSE,3157,200,"0001 0001 0001","The person 311636 does not exist. The person 311636 does not exist. The person 311636 does not exist.",arc,v1, , ,,,,,
95,297890,FALSE,4883,200,"0001 0001 0001","The person 297890 does not exist. The person 297890 does not exist. The person 297890 does not exist.",arc,v1, , ,,,,,
96,311643,FALSE,5096,200,"0001 0001 0001","The person 311643 does not exist. The person 311643 does not exist. The person 311643 does not exist.",arc,v1, , ,,,,,
97,311639,FALSE,5205,200,"0001 0001 0001","The person 311639 does not exist. The person 311639 does not exist. The person 311639 does not exist.",arc,v1, , ,,,,,
98,298189,FALSE,4289,200,"0001 0001 0001","The person 298189 does not exist. The person 298189 does not exist. The person 298189 does not exist.",arc,v1, , ,,,,,
99,298389,FALSE,2957,200,"0001 0001 0001","The person 298389 does not exist. The person 298389 does not exist. The person 298389 does not exist.",arc,v1, , ,,,,,
100,311645,FALSE,2880,200,"0001 0001 0001","The person 311645 does not exist. The person 311645 does not exist. The person 311645 does not exist.",arc,v1, , ,,,,,
101,312194,FALSE,4010,200,"0001 0001 0001","The person 312194 does not exist. The person 312194 does not exist. The person 312194 does not exist.",arc,v1, , ,,,,,
102,298491,FALSE,3079,200,"0001 0001 0001","The person 298491 does not exist. The person 298491 does not exist. The person 298491 does not exist.",arc,v1, , ,,,,,
103,312729,FALSE,3110,200,"0001 0001 0001","The person 312729 does not exist. The person 312729 does not exist. The person 312729 does not exist.",arc,v1, , ,,,,,
104,298513,FALSE,2595,200,"0001 0001 0001","The person 298513 does not exist. The person 298513 does not exist. The person 298513 does not exist.",arc,v1, , ,,,,,
105,312732,FALSE,5285,200,"0001 0001 0001","The person 312732 does not exist. The person 312732 does not exist. The person 312732 does not exist.",arc,v1, , ,,,,,
106,313194,FALSE,3016,200,"0001 0001 0001","The person 313194 does not exist. The person 313194 does not exist. The person 313194 does not exist.",arc,v1, , ,,,,,
107,315733,FALSE,3085,200,"0001 0001 0001","The person 315733 does not exist. The person 315733 does not exist. The person 315733 does not exist.",arc,v1, , ,,,,,
108,153774,FALSE,5994,200,"0001 0001 0001 0002 0362","The person 153774 does not exist. The person 153774 does not exist. The person 153774 does not exist. The MonthlySalaryToBeCharged field is mandatory. Cannot find a payroll employment rate on the salary start date.",arc,v1, , ,,,,,
109,315736,FALSE,2710,200,"0001 0001 0001","The person 315736 does not exist. The person 315736 does not exist. The person 315736 does not exist.",arc,v1, , ,,,,,
110,315739,FALSE,2630,200,"0001 0001 0001","The person 315739 does not exist. The person 315739 does not exist. The person 315739 does not exist.",arc,v1, , ,,,,,
111,298929,FALSE,2825,200,"0001 0001 0001","The person 298929 does not exist. The person 298929 does not exist. The person 298929 does not exist.",arc,v1, , ,,,,,
112,311644,FALSE,3101,200,"0001 0001 0001","The person 311644 does not exist. The person 311644 does not exist. The person 311644 does not exist.",arc,v1, , ,,,,,
113,298951,FALSE,5506,200,"0001 0001 0001","The person 298951 does not exist. The person 298951 does not exist. The person 298951 does not exist.",arc,v1, , ,,,,,
114,312730,FALSE,5566,200,"0001 0001 0001","The person 312730 does not exist. The person 312730 does not exist. The person 312730 does not exist.",arc,v1, , ,,,,,
115,299729,FALSE,3840,200,"0001 0001 0001","The person 299729 does not exist. The person 299729 does not exist. The person 299729 does not exist.",arc,v1, , ,,,,,
116,315054,FALSE,2989,200,"0001 0001 0001","The person 315054 does not exist. The person 315054 does not exist. The person 315054 does not exist.",arc,v1, , ,,,,,
117,315754,FALSE,2890,200,"0001 0001 0001","The person 315754 does not exist. The person 315754 does not exist. The person 315754 does not exist.",arc,v1, , ,,,,,
118,299029,FALSE,2956,200,"0001 0001 0001","The person 299029 does not exist. The person 299029 does not exist. The person 299029 does not exist.",arc,v1, , ,,,,,
119,315752,FALSE,3433,200,"0001 0001 0001","The person 315752 does not exist. The person 315752 does not exist. The person 315752 does not exist.",arc,v1, , ,,,,,
120,315747,FALSE,2857,200,"0001 0001 0001","The person 315747 does not exist. The person 315747 does not exist. The person 315747 does not exist.",arc,v1, , ,,,,,
121,299428,FALSE,2943,200,"0001 0001 0001","The person 299428 does not exist. The person 299428 does not exist. The person 299428 does not exist.",arc,v1, , ,,,,,
122,315808,FALSE,3372,200,"0001 0001 0001","The person 315808 does not exist. The person 315808 does not exist. The person 315808 does not exist.",arc,v1, , ,,,,,
123,299633,FALSE,4102,200,"0001 0001 0001","The person 299633 does not exist. The person 299633 does not exist. The person 299633 does not exist.",arc,v1, , ,,,,,
124,316206,FALSE,4134,200,"0001 0001 0001","The person 316206 does not exist. The person 316206 does not exist. The person 316206 does not exist.",arc,v1, , ,,,,,
125,316208,FALSE,3087,200,"0001 0001 0001","The person 316208 does not exist. The person 316208 does not exist. The person 316208 does not exist.",arc,v1, , ,,,,,
126,299669,FALSE,5837,200,"0001 0001 0001","The person 299669 does not exist. The person 299669 does not exist. The person 299669 does not exist.",arc,v1, , ,,,,,
127,317482,FALSE,5564,200,"0001 0001 0001","The person 317482 does not exist. The person 317482 does not exist. The person 317482 does not exist.",arc,v1, , ,,,,,
128,317166,FALSE,7180,200,"0001 0001 0001","The person 317166 does not exist. The person 317166 does not exist. The person 317166 does not exist.",arc,v1, , ,,,,,
129,299734,FALSE,6662,200,"0001 0001 0001","The person 299734 does not exist. The person 299734 does not exist. The person 299734 does not exist.",arc,v1, , ,,,,,
130,317171,FALSE,7133,200,"0001 0001 0001","The person 317171 does not exist. The person 317171 does not exist. The person 317171 does not exist.",arc,v1, , ,,,,,
131,152028,FALSE,5770,200,"0001 0001 0001 0001 0002 0362","The person 152028 does not exist. The person 152028 does not exist. The person 152028 does not exist. The person 152028 does not exist. The MonthlySalaryToBeCharged field is mandatory. Cannot find a payroll employment rate on the salary start date.",arc,v1, , ,,,,,
132,317483,FALSE,2593,200,"0001 0001 0001","The person 317483 does not exist. The person 317483 does not exist. The person 317483 does not exist.",arc,v1, , ,,,,,
133,317929,FALSE,2762,200,"0001 0001 0001","The person 317929 does not exist. The person 317929 does not exist. The person 317929 does not exist.",arc,v1, , ,,,,,
134,300188,FALSE,2919,200,"0001 0001 0001","The person 300188 does not exist. The person 300188 does not exist. The person 300188 does not exist.",arc,v1, , ,,,,,
135,317931,FALSE,4051,200,"0001 0001 0001","The person 317931 does not exist. The person 317931 does not exist. The person 317931 does not exist.",arc,v1, , ,,,,,
136,318419,FALSE,3362,200,"0001 0001 0001","The person 318419 does not exist. The person 318419 does not exist. The person 318419 does not exist.",arc,v1, , ,,,,,
137,300488,FALSE,2727,200,"0001 0001 0001","The person 300488 does not exist. The person 300488 does not exist. The person 300488 does not exist.",arc,v1, , ,,,,,
138,318422,FALSE,3148,200,"0001 0001 0001","The person 318422 does not exist. The person 318422 does not exist. The person 318422 does not exist.",arc,v1, , ,,,,,
139,301110,FALSE,3555,200,"0001 0001 0001","The person 301110 does not exist. The person 301110 does not exist. The person 301110 does not exist.",arc,v1, , ,,,,,
140,318418,FALSE,4835,200,"0001 0001 0001","The person 318418 does not exist. The person 318418 does not exist. The person 318418 does not exist.",arc,v1, , ,,,,,
141,320004,FALSE,5295,200,"0001 0001 0001","The person 320004 does not exist. The person 320004 does not exist. The person 320004 does not exist.",arc,v1, , ,,,,,
142,319999,FALSE,5566,200,"0001 0001 0001","The person 319999 does not exist. The person 319999 does not exist. The person 319999 does not exist.",arc,v1, , ,,,,,
143,321060,FALSE,4121,200,"0001 0001 0001","The person 321060 does not exist. The person 321060 does not exist. The person 321060 does not exist.",arc,v1, , ,,,,,
144,300522,FALSE,2848,200,"0001 0001 0001","The person 300522 does not exist. The person 300522 does not exist. The person 300522 does not exist.",arc,v1, , ,,,,,
145,321057,FALSE,3729,200,"0001 0001 0001","The person 321057 does not exist. The person 321057 does not exist. The person 321057 does not exist.",arc,v1, , ,,,,,
146,321541,FALSE,3115,200,"0001 0001 0001","The person 321541 does not exist. The person 321541 does not exist. The person 321541 does not exist.",arc,v1, , ,,,,,
147,302469,FALSE,2673,200,"0001 0001 0001","The person 302469 does not exist. The person 302469 does not exist. The person 302469 does not exist.",arc,v1, , ,,,,,
148,321544,FALSE,2589,200,"0001 0001 0001","The person 321544 does not exist. The person 321544 does not exist. The person 321544 does not exist.",arc,v1, , ,,,,,
149,302472,FALSE,2700,200,"0001 0001 0001","The person 302472 does not exist. The person 302472 does not exist. The person 302472 does not exist.",arc,v1, , ,,,,,
150,322409,FALSE,2953,200,"0001 0001 0001","The person 322409 does not exist. The person 322409 does not exist. The person 322409 does not exist.",arc,v1, , ,,,,,
151,302752,FALSE,4551,200,"0001 0001 0001","The person 302752 does not exist. The person 302752 does not exist. The person 302752 does not exist.",arc,v1, , ,,,,,
152,321954,FALSE,2709,200,"0001 0001 0001","The person 321954 does not exist. The person 321954 does not exist. The person 321954 does not exist.",arc,v1, , ,,,,,
153,322645,FALSE,3599,200,"0001 0001 0001","The person 322645 does not exist. The person 322645 does not exist. The person 322645 does not exist.",arc,v1, , ,,,,,
154,303590,FALSE,2939,200,"0001 0001 0001","The person 303590 does not exist. The person 303590 does not exist. The person 303590 does not exist.",arc,v1, , ,,,,,
155,323006,FALSE,2856,200,"0001 0001 0001","The person 323006 does not exist. The person 323006 does not exist. The person 323006 does not exist.",arc,v1, , ,,,,,
156,323387,FALSE,5272,200,"0001 0001 0001","The person 323387 does not exist. The person 323387 does not exist. The person 323387 does not exist.",arc,v1, , ,,,,,
157,323385,FALSE,4728,200,"0001 0001 0001","The person 323385 does not exist. The person 323385 does not exist. The person 323385 does not exist.",arc,v1, , ,,,,,
158,303592,FALSE,5085,200,"0001 0001 0001","The person 303592 does not exist. The person 303592 does not exist. The person 303592 does not exist.",arc,v1, , ,,,,,
159,323675,FALSE,5081,200,"0001 0001 0001","The person 323675 does not exist. The person 323675 does not exist. The person 323675 does not exist.",arc,v1, , ,,,,,
160,323680,FALSE,4515,200,"0001 0001 0001","The person 323680 does not exist. The person 323680 does not exist. The person 323680 does not exist.",arc,v1, , ,,,,,
161,303961,FALSE,3640,200,"0001 0001 0001","The person 303961 does not exist. The person 303961 does not exist. The person 303961 does not exist.",arc,v1, , ,,,,,
162,324141,FALSE,2622,200,"0001 0001 0001","The person 324141 does not exist. The person 324141 does not exist. The person 324141 does not exist.",arc,v1, , ,,,,,
163,324649,FALSE,3534,200,"0001 0001 0001","The person 324649 does not exist. The person 324649 does not exist. The person 324649 does not exist.",arc,v1, , ,,,,,
164,303962,FALSE,2984,200,"0001 0001 0001","The person 303962 does not exist. The person 303962 does not exist. The person 303962 does not exist.",arc,v1, , ,,,,,
165,325110,FALSE,2751,200,"0001 0001 0001","The person 325110 does not exist. The person 325110 does not exist. The person 325110 does not exist.",arc,v1, , ,,,,,
166,303968,FALSE,2631,200,"0001 0001 0001","The person 303968 does not exist. The person 303968 does not exist. The person 303968 does not exist.",arc,v1, , ,,,,,
167,324652,FALSE,2799,200,"0001 0001 0001","The person 324652 does not exist. The person 324652 does not exist. The person 324652 does not exist.",arc,v1, , ,,,,,
168,304449,FALSE,2776,200,"0001 0001 0001","The person 304449 does not exist. The person 304449 does not exist. The person 304449 does not exist.",arc,v1, , ,,,,,
169,325480,FALSE,2821,200,"0001 0001 0001","The person 325480 does not exist. The person 325480 does not exist. The person 325480 does not exist.",arc,v1, , ,,,,,
170,304451,FALSE,2684,200,"0001 0001 0001","The person 304451 does not exist. The person 304451 does not exist. The person 304451 does not exist.",arc,v1, , ,,,,,
171,325486,FALSE,2638,200,"0001 0001 0001","The person 325486 does not exist. The person 325486 does not exist. The person 325486 does not exist.",arc,v1, , ,,,,,
172,304650,FALSE,3612,200,"0001 0001 0001","The person 304650 does not exist. The person 304650 does not exist. The person 304650 does not exist.",arc,v1, , ,,,,,
173,325488,FALSE,2714,200,"0001 0001 0001","The person 325488 does not exist. The person 325488 does not exist. The person 325488 does not exist.",arc,v1, , ,,,,,
174,323928,FALSE,4336,200,"0001 0001 0001","The person 323928 does not exist. The person 323928 does not exist. The person 323928 does not exist.",arc,v1, , ,,,,,
175,304652,FALSE,4325,200,"0001 0001 0001","The person 304652 does not exist. The person 304652 does not exist. The person 304652 does not exist.",arc,v1, , ,,,,,
176,304654,FALSE,4700,200,"0001 0001 0001","The person 304654 does not exist. The person 304654 does not exist. The person 304654 does not exist.",arc,v1, , ,,,,,
177,327738,FALSE,4749,200,"0001 0001 0001","The person 327738 does not exist. The person 327738 does not exist. The person 327738 does not exist.",arc,v1, , ,,,,,
178,304957,FALSE,4613,200,"0001 0001 0001","The person 304957 does not exist. The person 304957 does not exist. The person 304957 does not exist.",arc,v1, , ,,,,,
179,328054,FALSE,3527,200,"0001 0001 0001","The person 328054 does not exist. The person 328054 does not exist. The person 328054 does not exist.",arc,v1, , ,,,,,
180,304960,FALSE,3278,200,"0001 0001 0001","The person 304960 does not exist. The person 304960 does not exist. The person 304960 does not exist.",arc,v1, , ,,,,,
181,328877,FALSE,2768,200,"0001 0001 0001","The person 328877 does not exist. The person 328877 does not exist. The person 328877 does not exist.",arc,v1, , ,,,,,
182,304954,FALSE,2496,200,"0001 0001 0001","The person 304954 does not exist. The person 304954 does not exist. The person 304954 does not exist.",arc,v1, , ,,,,,
183,328880,FALSE,2610,200,"0001 0001 0001","The person 328880 does not exist. The person 328880 does not exist. The person 328880 does not exist.",arc,v1, , ,,,,,
184,329547,FALSE,2544,200,"0001 0001 0001","The person 329547 does not exist. The person 329547 does not exist. The person 329547 does not exist.",arc,v1, , ,,,,,
185,305283,FALSE,2755,200,"0001 0001 0001","The person 305283 does not exist. The person 305283 does not exist. The person 305283 does not exist.",arc,v1, , ,,,,,
186,303967,FALSE,2528,200,"0001 0001 0001","The person 303967 does not exist. The person 303967 does not exist. The person 303967 does not exist.",arc,v1, , ,,,,,
187,305279,FALSE,2692,200,"0001 0001 0001","The person 305279 does not exist. The person 305279 does not exist. The person 305279 does not exist.",arc,v1, , ,,,,,
188,330167,FALSE,3318,200,"0001 0001 0001","The person 330167 does not exist. The person 330167 does not exist. The person 330167 does not exist.",arc,v1, , ,,,,,
189,305789,FALSE,2633,200,"0001 0001 0001","The person 305789 does not exist. The person 305789 does not exist. The person 305789 does not exist.",arc,v1, , ,,,,,
190,330903,FALSE,2880,200,"0001 0001 0001","The person 330903 does not exist. The person 330903 does not exist. The person 330903 does not exist.",arc,v1, , ,,,,,
191,306119,FALSE,2864,200,"0001 0001 0001","The person 306119 does not exist. The person 306119 does not exist. The person 306119 does not exist.",arc,v1, , ,,,,,
192,330988,FALSE,3097,200,"0001 0001 0001","The person 330988 does not exist. The person 330988 does not exist. The person 330988 does not exist.",arc,v1, , ,,,,,
193,306123,FALSE,2624,200,"0001 0001 0001","The person 306123 does not exist. The person 306123 does not exist. The person 306123 does not exist.",arc,v1, , ,,,,,
194,15892,FALSE,5353,200,"0001 0001 0001 0001 0100 0002 0364 0360 0362","The person 15892 does not exist. The person 15892 does not exist. The person 15892 does not exist. The person 15892 does not exist. The site’s salary tax rate must be higher than 0. The MonthlySalaryToBeCharged field is mandatory. Salary Start date must be after the last account closing. The salary start date must be between the opening access date and the closure access date. Cannot find a payroll employment rate on the salary start date.",arc,v1, , ,,,,,
195,295029,FALSE,2822,200,"0001 0001 0001","The person 295029 does not exist. The person 295029 does not exist. The person 295029 does not exist.",arc,v1, , ,,,,,
196,306382,FALSE,2849,200,"0001 0001 0001","The person 306382 does not exist. The person 306382 does not exist. The person 306382 does not exist.",arc,v1, , ,,,,,
197,306385,FALSE,3707,200,"0001 0001 0001","The person 306385 does not exist. The person 306385 does not exist. The person 306385 does not exist.",arc,v1, , ,,,,,
198,306545,FALSE,3926,200,"0001 0001 0001","The person 306545 does not exist. The person 306545 does not exist. The person 306545 does not exist.",arc,v1, , ,,,,,
199,305286,FALSE,4108,200,"0001 0001 0001","The person 305286 does not exist. The person 305286 does not exist. The person 305286 does not exist.",arc,v1, , ,,,,,
200,307380,FALSE,4114,200,"0001 0001 0001","The person 307380 does not exist. The person 307380 does not exist. The person 307380 does not exist.",arc,v1, , ,,,,,
201,307688,FALSE,4997,200,"0001 0001 0001","The person 307688 does not exist. The person 307688 does not exist. The person 307688 does not exist.",arc,v1, , ,,,,,
202,307074,FALSE,5421,200,"0001 0001 0001","The person 307074 does not exist. The person 307074 does not exist. The person 307074 does not exist.",arc,v1, , ,,,,,
203,307382,FALSE,3877,200,"0001 0001 0001","The person 307382 does not exist. The person 307382 does not exist. The person 307382 does not exist.",arc,v1, , ,,,,,
204,307918,FALSE,9915,200,"0001 0001 0001","The person 307918 does not exist. The person 307918 does not exist. The person 307918 does not exist.",arc,v1, , ,,,,,
205,308875,FALSE,3442,200,"0001 0001 0001","The person 308875 does not exist. The person 308875 does not exist. The person 308875 does not exist.",arc,v1, , ,,,,,
206,308878,FALSE,3730,200,"0001 0001 0001","The person 308878 does not exist. The person 308878 does not exist. The person 308878 does not exist.",arc,v1, , ,,,,,
207,311632,FALSE,4700,200,"0001 0001 0001","The person 311632 does not exist. The person 311632 does not exist. The person 311632 does not exist.",arc,v1, , ,,,,,
208,311635,FALSE,6822,200,"0001 0001 0001","The person 311635 does not exist. The person 311635 does not exist. The person 311635 does not exist.",arc,v1, , ,,,,,
209,311637,FALSE,4527,200,"0001 0001 0001","The person 311637 does not exist. The person 311637 does not exist. The person 311637 does not exist.",arc,v1, , ,,,,,
210,311646,FALSE,3427,200,"0001 0001 0001","The person 311646 does not exist. The person 311646 does not exist. The person 311646 does not exist.",arc,v1, , ,,,,,
211,311641,FALSE,2505,200,"0001 0001 0001","The person 311641 does not exist. The person 311641 does not exist. The person 311641 does not exist.",arc,v1, , ,,,,,
212,311642,FALSE,2390,200,"0001 0001 0001","The person 311642 does not exist. The person 311642 does not exist. The person 311642 does not exist.",arc,v1, , ,,,,,
213,312733,FALSE,4340,200,"0001 0001 0001","The person 312733 does not exist. The person 312733 does not exist. The person 312733 does not exist.",arc,v1, , ,,,,,
214,315734,FALSE,2713,200,"0001 0001 0001","The person 315734 does not exist. The person 315734 does not exist. The person 315734 does not exist.",arc,v1, , ,,,,,
215,315735,FALSE,3175,200,"0001 0001 0001","The person 315735 does not exist. The person 315735 does not exist. The person 315735 does not exist.",arc,v1, , ,,,,,
216,315738,FALSE,2591,200,"0001 0001 0001","The person 315738 does not exist. The person 315738 does not exist. The person 315738 does not exist.",arc,v1, , ,,,,,
217,311647,FALSE,2412,200,"0001 0001 0001","The person 311647 does not exist. The person 311647 does not exist. The person 311647 does not exist.",arc,v1, , ,,,,,
218,315743,FALSE,3146,200,"0001 0001 0001","The person 315743 does not exist. The person 315743 does not exist. The person 315743 does not exist.",arc,v1, , ,,,,,
219,315755,FALSE,2873,200,"0001 0001 0001","The person 315755 does not exist. The person 315755 does not exist. The person 315755 does not exist.",arc,v1, , ,,,,,
220,315756,FALSE,2630,200,"0001 0001 0001","The person 315756 does not exist. The person 315756 does not exist. The person 315756 does not exist.",arc,v1, , ,,,,,
221,315746,FALSE,3883,200,"0001 0001 0001","The person 315746 does not exist. The person 315746 does not exist. The person 315746 does not exist.",arc,v1, , ,,,,,
222,315753,FALSE,2455,200,"0001 0001 0001","The person 315753 does not exist. The person 315753 does not exist. The person 315753 does not exist.",arc,v1, , ,,,,,
223,315732,FALSE,3157,200,"0001 0001 0001","The person 315732 does not exist. The person 315732 does not exist. The person 315732 does not exist.",arc,v1, , ,,,,,
224,315741,FALSE,4365,200,"0001 0001 0001","The person 315741 does not exist. The person 315741 does not exist. The person 315741 does not exist.",arc,v1, , ,,,,,
225,315749,FALSE,4863,200,"0001 0001 0001","The person 315749 does not exist. The person 315749 does not exist. The person 315749 does not exist.",arc,v1, , ,,,,,
226,316210,FALSE,4571,200,"0001 0001 0001","The person 316210 does not exist. The person 316210 does not exist. The person 316210 does not exist.",arc,v1, , ,,,,,
227,316205,FALSE,4203,200,"0001 0001 0001","The person 316205 does not exist. The person 316205 does not exist. The person 316205 does not exist.",arc,v1, , ,,,,,
228,316209,FALSE,4025,200,"0001 0001 0001","The person 316209 does not exist. The person 316209 does not exist. The person 316209 does not exist.",arc,v1, , ,,,,,
229,317165,FALSE,2539,200,"0001 0001 0001","The person 317165 does not exist. The person 317165 does not exist. The person 317165 does not exist.",arc,v1, , ,,,,,
230,317169,FALSE,2745,200,"0001 0001 0001","The person 317169 does not exist. The person 317169 does not exist. The person 317169 does not exist.",arc,v1, , ,,,,,
231,317172,FALSE,2733,200,"0001 0001 0001","The person 317172 does not exist. The person 317172 does not exist. The person 317172 does not exist.",arc,v1, , ,,,,,
232,317927,FALSE,3195,200,"0001 0001 0001","The person 317927 does not exist. The person 317927 does not exist. The person 317927 does not exist.",arc,v1, , ,,,,,
233,317932,FALSE,3064,200,"0001 0001 0001","The person 317932 does not exist. The person 317932 does not exist. The person 317932 does not exist.",arc,v1, , ,,,,,
234,318420,FALSE,2423,200,"0001 0001 0001","The person 318420 does not exist. The person 318420 does not exist. The person 318420 does not exist.",arc,v1, , ,,,,,
235,318423,FALSE,4657,200,"0001 0001 0001","The person 318423 does not exist. The person 318423 does not exist. The person 318423 does not exist.",arc,v1, , ,,,,,
236,320000,FALSE,3028,200,"0001 0001 0001","The person 320000 does not exist. The person 320000 does not exist. The person 320000 does not exist.",arc,v1, , ,,,,,
237,320002,FALSE,2493,200,"0001 0001 0001","The person 320002 does not exist. The person 320002 does not exist. The person 320002 does not exist.",arc,v1, , ,,,,,
238,321054,FALSE,2719,200,"0001 0001 0001","The person 321054 does not exist. The person 321054 does not exist. The person 321054 does not exist.",arc,v1, , ,,,,,
239,321058,FALSE,2697,200,"0001 0001 0001","The person 321058 does not exist. The person 321058 does not exist. The person 321058 does not exist.",arc,v1, , ,,,,,
240,321542,FALSE,2832,200,"0001 0001 0001","The person 321542 does not exist. The person 321542 does not exist. The person 321542 does not exist.",arc,v1, , ,,,,,
241,321545,FALSE,2498,200,"0001 0001 0001","The person 321545 does not exist. The person 321545 does not exist. The person 321545 does not exist.",arc,v1, , ,,,,,
242,322734,FALSE,5001,200,"0001 0001 0001","The person 322734 does not exist. The person 322734 does not exist. The person 322734 does not exist.",arc,v1, , ,,,,,
243,322641,FALSE,5661,200,"0001 0001 0001","The person 322641 does not exist. The person 322641 does not exist. The person 322641 does not exist.",arc,v1, , ,,,,,
244,322642,FALSE,4502,200,"0001 0001 0001","The person 322642 does not exist. The person 322642 does not exist. The person 322642 does not exist.",arc,v1, , ,,,,,
245,323676,FALSE,5828,200,"0001 0001 0001","The person 323676 does not exist. The person 323676 does not exist. The person 323676 does not exist.",arc,v1, , ,,,,,
246,324139,FALSE,4193,200,"0001 0001 0001","The person 324139 does not exist. The person 324139 does not exist. The person 324139 does not exist.",arc,v1, , ,,,,,
247,324142,FALSE,3304,200,"0001 0001 0001","The person 324142 does not exist. The person 324142 does not exist. The person 324142 does not exist.",arc,v1, , ,,,,,
248,324650,FALSE,3142,200,"0001 0001 0001","The person 324650 does not exist. The person 324650 does not exist. The person 324650 does not exist.",arc,v1, , ,,,,,
249,325111,FALSE,3518,200,"0001 0001 0001","The person 325111 does not exist. The person 325111 does not exist. The person 325111 does not exist.",arc,v1, , ,,,,,
250,324651,FALSE,2695,200,"0001 0001 0001","The person 324651 does not exist. The person 324651 does not exist. The person 324651 does not exist.",arc,v1, , ,,,,,
251,324653,FALSE,2487,200,"0001 0001 0001","The person 324653 does not exist. The person 324653 does not exist. The person 324653 does not exist.",arc,v1, , ,,,,,
252,325993,FALSE,2805,200,"0001 0001 0001","The person 325993 does not exist. The person 325993 does not exist. The person 325993 does not exist.",arc,v1, , ,,,,,
253,250430,FALSE,4554,200,"0001 0001 0001 0001 0100 0002 0364 0360 0362","The person 250430 does not exist. The person 250430 does not exist. The person 250430 does not exist. The person 250430 does not exist. The site’s salary tax rate must be higher than 0. The MonthlySalaryToBeCharged field is mandatory. Salary Start date must be after the last account closing. The salary start date must be between the opening access date and the closure access date. Cannot find a payroll employment rate on the salary start date.",arc,v1, , ,,,,,
254,327429,FALSE,3121,200,"0001 0001 0001","The person 327429 does not exist. The person 327429 does not exist. The person 327429 does not exist.",arc,v1, , ,,,,,
255,328874,FALSE,3034,200,"0001 0001 0001","The person 328874 does not exist. The person 328874 does not exist. The person 328874 does not exist.",arc,v1, , ,,,,,
256,174690,FALSE,4992,200,"0001 0001 0001 0001 0100 0002 0364 0360 0362","The person 174690 does not exist. The person 174690 does not exist. The person 174690 does not exist. The person 174690 does not exist. The site’s salary tax rate must be higher than 0. The MonthlySalaryToBeCharged field is mandatory. Salary Start date must be after the last account closing. The salary start date must be between the opening access date and the closure access date. Cannot find a payroll employment rate on the salary start date.",arc,v1, , ,,,,,
257,330162,FALSE,3789,200,"0001 0001 0001","The person 330162 does not exist. The person 330162 does not exist. The person 330162 does not exist.",arc,v1, , ,,,,,
258,330316,FALSE,6832,200,"0001 0001 0001","The person 330316 does not exist. The person 330316 does not exist. The person 330316 does not exist.",arc,v1, , ,,,,,
259,330454,FALSE,4396,200,"0001 0001 0001","The person 330454 does not exist. The person 330454 does not exist. The person 330454 does not exist.",arc,v1, , ,,,,,
260,330899,FALSE,5172,200,"0001 0001 0001","The person 330899 does not exist. The person 330899 does not exist. The person 330899 does not exist.",arc,v1, , ,,,,,
261,67703,PASS,5022,200,"","",arc,v1, , ,,,,,
262,211230,PASS,4386,200,"","",arc,v1, , ,,,,,
263,227946,PASS,2354,200,"","",arc,v1, , ,,,,,
264,38532,PASS,3963,200,"","",arc,v1, , ,,,,,
265,75494,PASS,4900,200,"","",arc,v1, , ,,,,,
266,325113,FALSE,2554,200,"0001 0001 0001","The person 325113 does not exist. The person 325113 does not exist. The person 325113 does not exist.",arc,v1, , ,,,,,
267,325479,FALSE,2625,200,"0001 0001 0001","The person 325479 does not exist. The person 325479 does not exist. The person 325479 does not exist.",arc,v1, , ,,,,,
268,328589,FALSE,2522,200,"0001 0001 0001","The person 328589 does not exist. The person 328589 does not exist. The person 328589 does not exist.",arc,v1, , ,,,,,
269,175149,PASS,2909,200,"","",arc,v1, , ,,,,,
270,249986,FALSE,2808,200,"0001","The person 249986 does not exist.",arc,v1, , ,,,,,
271,147212,PASS,4627,200,"","",arc,v1, , ,,,,,
272,107399,PASS,2745,200,"","",arc,v1, , ,,,,,
273,120210,PASS,4565,200,"","",arc,v1, , ,,,,,
274,126307,PASS,4870,200,"","",arc,v1, , ,,,,,
275,261888,FALSE,5322,200,"0001","The person 261888 does not exist.",arc,v1, , ,,,,,
276,59339,PASS,3542,200,"","",arc,v1, , ,,,,,
277,50012,PASS,3113,200,"","",arc,v1, , ,,,,,
278,311650,FALSE,3023,200,"0001 0001 0001","The person 311650 does not exist. The person 311650 does not exist. The person 311650 does not exist.",arc,v1, , ,,,,,
279,107401,PASS,3580,200,"","",arc,v1, , ,,,,,
280,325112,FALSE,4649,200,"0001 0001 0001","The person 325112 does not exist. The person 325112 does not exist. The person 325112 does not exist.",arc,v1, , ,,,,,
281,26618,PASS,3444,200,"","",arc,v1, , ,,,,,
282,107484,PASS,3926,200,"","",arc,v1, , ,,,,,
283,154944,PASS,2848,200,"","",arc,v1, , ,,,,,
284,273979,FALSE,2684,200,"0001","The person 273979 does not exist.",arc,v1, , ,,,,,
285,151906,PASS,4382,200,"","",arc,v1, , ,,,,,
286,244408,FALSE,3372,200,"0001","The person 244408 does not exist.",arc,v1, , ,,,,,
287,23109,PASS,3412,200,"","",arc,v1, , ,,,,,
288,16778,PASS,9973,200,"","",arc,v1, , ,,,,,
289,20312,PASS,11284,200,"","",arc,v1, , ,,,,,
290,11972,PASS,8855,200,"","",arc,v1, , ,,,,,
291,20316,PASS,5127,200,"","",arc,v1, , ,,,,,
292,14656,PASS,5232,200,"","",arc,v1, , ,,,,,
293,28914,PASS,3722,200,"","",arc,v1, , ,,,,,
294,30560,PASS,2650,200,"","",arc,v1, , ,,,,,
295,30101,PASS,2628,200,"","",arc,v1, , ,,,,,
296,37300,PASS,3425,200,"","",arc,v1, , ,,,,,
297,41359,PASS,4447,200,"","",arc,v1, , ,,,,,
298,38046,PASS,2926,200,"","",arc,v1, , ,,,,,
299,43778,PASS,3258,200,"","",arc,v1, , ,,,,,
300,43361,PASS,4366,200,"","",arc,v1, , ,,,,,
301,46058,PASS,4852,200,"","",arc,v1, , ,,,,,
302,55104,PASS,4754,200,"","",arc,v1, , ,,,,,
303,65288,PASS,4617,200,"","",arc,v1, , ,,,,,
304,50600,PASS,2799,200,"","",arc,v1, , ,,,,,
305,14599,PASS,4374,200,"","",arc,v1, , ,,,,,
306,14673,PASS,5499,200,"","",arc,v1, , ,,,,,
307,14653,PASS,5168,200,"","",arc,v1, , ,,,,,
308,21953,PASS,4159,200,"","",arc,v1, , ,,,,,
309,28756,PASS,4649,200,"","",arc,v1, , ,,,,,
310,31556,PASS,3688,200,"","",arc,v1, , ,,,,,
311,19950,PASS,3184,200,"","",arc,v1, , ,,,,,
312,27475,PASS,3274,200,"","",arc,v1, , ,,,,,
313,25610,PASS,6319,200,"","",arc,v1, , ,,,,,
314,30452,PASS,4587,200,"","",arc,v1, , ,,,,,
315,30820,PASS,4988,200,"","",arc,v1, , ,,,,,
316,33312,PASS,4862,200,"","",arc,v1, , ,,,,,
317,32378,PASS,4490,200,"","",arc,v1, , ,,,,,
318,36561,PASS,3837,200,"","",arc,v1, , ,,,,,
319,30557,PASS,2576,200,"","",arc,v1, , ,,,,,
320,39363,PASS,2655,200,"","",arc,v1, , ,,,,,
321,30513,PASS,4450,200,"","",arc,v1, , ,,,,,
322,27575,PASS,3102,200,"","",arc,v1, , ,,,,,
323,43713,PASS,2956,200,"","",arc,v1, , ,,,,,
324,37299,PASS,3303,200,"","",arc,v1, , ,,,,,
325,43541,PASS,2895,200,"","",arc,v1, , ,,,,,
326,35373,PASS,3674,200,"","",arc,v1, , ,,,,,
327,50133,PASS,7368,200,"","",arc,v1, , ,,,,,
328,38050,PASS,25008,200,"","",arc,v1, , ,,,,,
329,47787,PASS,7380,200,"","",arc,v1, , ,,,,,
330,57608,PASS,8771,200,"","",arc,v1, , ,,,,,
331,37133,PASS,5190,200,"","",arc,v1, , ,,,,,
332,35794,PASS,5122,200,"","",arc,v1, , ,,,,,
333,44624,PASS,6374,200,"","",arc,v1, , ,,,,,
334,69256,PASS,3402,200,"","",arc,v1, , ,,,,,
335,57871,PASS,14021,200,"","",arc,v1, , ,,,,,
336,60968,PASS,7217,200,"","",arc,v1, , ,,,,,
337,77294,PASS,3038,200,"","",arc,v1, , ,,,,,
338,59749,PASS,2725,200,"","",arc,v1, , ,,,,,
339,73699,PASS,2705,200,"","",arc,v1, , ,,,,,
340,71040,PASS,2989,200,"","",arc,v1, , ,,,,,
341,74729,PASS,2484,200,"","",arc,v1, , ,,,,,
342,71438,PASS,3458,200,"","",arc,v1, , ,,,,,
343,79288,PASS,3563,200,"","",arc,v1, , ,,,,,
344,23346,PASS,3860,200,"","",arc,v1, , ,,,,,
345,30716,PASS,5410,200,"","",arc,v1, , ,,,,,
346,21280,PASS,4167,200,"","",arc,v1, , ,,,,,
347,27343,PASS,4999,200,"","",arc,v1, , ,,,,,
348,20716,PASS,5926,200,"","",arc,v1, , ,,,,,
349,32152,PASS,9793,200,"","",arc,v1, , ,,,,,
350,24816,PASS,5958,200,"","",arc,v1, , ,,,,,
351,23096,PASS,4433,200,"","",arc,v1, , ,,,,,
352,20947,PASS,3413,200,"","",arc,v1, , ,,,,,
353,27598,PASS,5309,200,"","",arc,v1, , ,,,,,
354,23138,PASS,4296,200,"","",arc,v1, , ,,,,,
355,23133,PASS,5144,200,"","",arc,v1, , ,,,,,
356,30718,PASS,4314,200,"","",arc,v1, , ,,,,,
357,24193,PASS,5225,200,"","",arc,v1, , ,,,,,
358,24805,PASS,4319,200,"","",arc,v1, , ,,,,,
359,25199,PASS,3896,200,"","",arc,v1, , ,,,,,
360,20946,PASS,5646,200,"","",arc,v1, , ,,,,,
361,20713,PASS,5968,200,"","",arc,v1, , ,,,,,
362,27654,PASS,5776,200,"","",arc,v1, , ,,,,,
363,23121,PASS,4370,200,"","",arc,v1, , ,,,,,
364,26619,PASS,4822,200,"","",arc,v1, , ,,,,,
365,27648,PASS,5820,200,"","",arc,v1, , ,,,,,
366,86000,PASS,3257,200,"","",arc,v1, , ,,,,,
367,86953,PASS,5184,200,"","",arc,v1, , ,,,,,
368,98534,PASS,2619,200,"","",arc,v1, , ,,,,,
369,102941,PASS,2985,200,"","",arc,v1, , ,,,,,
370,106428,PASS,3252,200,"","",arc,v1, , ,,,,,
371,106143,PASS,2549,200,"","",arc,v1, , ,,,,,
372,31089,PASS,2761,200,"","",arc,v1, , ,,,,,
373,105334,PASS,2531,200,"","",arc,v1, , ,,,,,
374,73074,PASS,6679,200,"","",arc,v1, , ,,,,,
375,120114,PASS,5514,200,"","",arc,v1, , ,,,,,
376,111650,PASS,4383,200,"","",arc,v1, , ,,,,,
377,133865,PASS,4567,200,"","",arc,v1, , ,,,,,
378,117561,PASS,2977,200,"","",arc,v1, , ,,,,,
379,133562,PASS,2608,200,"","",arc,v1, , ,,,,,
380,138516,PASS,2925,200,"","",arc,v1, , ,,,,,
381,120821,PASS,2510,200,"","",arc,v1, , ,,,,,
382,135562,PASS,2817,200,"","",arc,v1, , ,,,,,
383,146024,PASS,2603,200,"","",arc,v1, , ,,,,,
384,129858,PASS,2877,200,"","",arc,v1, , ,,,,,
385,23958,PASS,4074,200,"","",arc,v1, , ,,,,,
386,23962,PASS,3432,200,"","",arc,v1, , ,,,,,
387,20705,PASS,3514,200,"","",arc,v1, , ,,,,,
388,22942,PASS,3580,200,"","",arc,v1, , ,,,,,
389,26621,PASS,4728,200,"","",arc,v1, , ,,,,,
390,23171,PASS,8234,200,"","",arc,v1, , ,,,,,
391,86656,PASS,4974,200,"","",arc,v1, , ,,,,,
392,101344,PASS,4194,200,"","",arc,v1, , ,,,,,
393,106435,PASS,3919,200,"","",arc,v1, , ,,,,,
394,106223,PASS,4964,200,"","",arc,v1, , ,,,,,
395,115568,PASS,3360,200,"","",arc,v1, , ,,,,,
396,110195,PASS,3179,200,"","",arc,v1, , ,,,,,
397,112768,PASS,2809,200,"","",arc,v1, , ,,,,,
398,112790,PASS,3735,200,"","",arc,v1, , ,,,,,
399,144615,PASS,6464,200,"","",arc,v1, , ,,,,,
400,126073,PASS,4538,200,"","",arc,v1, , ,,,,,
401,146669,PASS,4188,200,"","",arc,v1, , ,,,,,
402,125888,PASS,2716,200,"","",arc,v1, , ,,,,,
403,147169,PASS,3882,200,"","",arc,v1, , ,,,,,
404,157827,PASS,4102,200,"","",arc,v1, , ,,,,,
405,131285,PASS,4320,200,"","",arc,v1, , ,,,,,
406,161941,PASS,4789,200,"","",arc,v1, , ,,,,,
407,141834,PASS,4224,200,"","",arc,v1, , ,,,,,
408,163608,PASS,3297,200,"","",arc,v1, , ,,,,,
409,161685,PASS,2772,200,"","",arc,v1, , ,,,,,
410,143029,PASS,3018,200,"","",arc,v1, , ,,,,,
411,173881,PASS,2890,200,"","",arc,v1, , ,,,,,
412,145250,PASS,2801,200,"","",arc,v1, , ,,,,,
413,174048,PASS,2780,200,"","",arc,v1, , ,,,,,
414,145281,PASS,2785,200,"","",arc,v1, , ,,,,,
415,176885,PASS,2701,200,"","",arc,v1, , ,,,,,
416,179755,PASS,2341,200,"","",arc,v1, , ,,,,,
417,152039,PASS,2478,200,"","",arc,v1, , ,,,,,
418,179955,PASS,4481,200,"","",arc,v1, , ,,,,,
419,152876,PASS,2727,200,"","",arc,v1, , ,,,,,
420,181584,PASS,2663,200,"","",arc,v1, , ,,,,,
421,157823,PASS,3069,200,"","",arc,v1, , ,,,,,
422,184443,PASS,4038,200,"","",arc,v1, , ,,,,,
423,156936,PASS,4702,200,"","",arc,v1, , ,,,,,
424,197337,PASS,9452,200,"","",arc,v1, , ,,,,,
425,205569,PASS,4284,200,"","",arc,v1, , ,,,,,
426,158609,PASS,4205,200,"","",arc,v1, , ,,,,,
427,213446,PASS,2670,200,"","",arc,v1, , ,,,,,
428,215677,PASS,2484,200,"","",arc,v1, , ,,,,,
429,159372,PASS,6133,200,"","",arc,v1, , ,,,,,
430,219906,PASS,2792,200,"","",arc,v1, , ,,,,,
431,120380,PASS,4991,200,"","",arc,v1, , ,,,,,
432,128055,PASS,5174,200,"","",arc,v1, , ,,,,,
433,126686,PASS,4540,200,"","",arc,v1, , ,,,,,
434,138193,PASS,2986,200,"","",arc,v1, , ,,,,,
435,132461,PASS,4780,200,"","",arc,v1, , ,,,,,
436,136962,PASS,5406,200,"","",arc,v1, , ,,,,,
437,133767,PASS,6306,200,"","",arc,v1, , ,,,,,
438,141394,PASS,4071,200,"","",arc,v1, , ,,,,,
439,144959,PASS,3035,200,"","",arc,v1, , ,,,,,
440,140156,PASS,2561,200,"","",arc,v1, , ,,,,,
441,144667,PASS,2604,200,"","",arc,v1, , ,,,,,
442,140316,PASS,2793,200,"","",arc,v1, , ,,,,,
443,140317,PASS,3051,200,"","",arc,v1, , ,,,,,
444,143806,PASS,3145,200,"","",arc,v1, , ,,,,,
445,142390,PASS,3108,200,"","",arc,v1, , ,,,,,
446,151418,PASS,5499,200,"","",arc,v1, , ,,,,,
447,150778,PASS,3231,200,"","",arc,v1, , ,,,,,
448,149456,PASS,4400,200,"","",arc,v1, , ,,,,,
449,221545,PASS,2554,200,"","",arc,v1, , ,,,,,
450,163036,PASS,2778,200,"","",arc,v1, , ,,,,,
451,222426,PASS,3546,200,"","",arc,v1, , ,,,,,
452,223667,PASS,3563,200,"","",arc,v1, , ,,,,,
453,168518,PASS,5092,200,"","",arc,v1, , ,,,,,
454,226168,PASS,4366,200,"","",arc,v1, , ,,,,,
455,226565,PASS,4587,200,"","",arc,v1, , ,,,,,
456,167770,PASS,4632,200,"","",arc,v1, , ,,,,,
457,229865,PASS,2673,200,"","",arc,v1, , ,,,,,
458,234209,PASS,2989,200,"","",arc,v1, , ,,,,,
459,236829,PASS,3173,200,"","",arc,v1, , ,,,,,
460,236947,PASS,3105,200,"","",arc,v1, , ,,,,,
461,240533,FALSE,2613,200,"0001","The person 240533 does not exist.",arc,v1, , ,,,,,
462,171001,PASS,3007,200,"","",arc,v1, , ,,,,,
463,120284,FALSE,2734,200,"0001","The person 120284 does not exist.",arc,v1, , ,,,,,
464,243746,FALSE,2695,200,"0001","The person 243746 does not exist.",arc,v1, , ,,,,,
465,244365,FALSE,2809,200,"0001","The person 244365 does not exist.",arc,v1, , ,,,,,
466,171822,PASS,2789,200,"","",arc,v1, , ,,,,,
467,259608,FALSE,2800,200,"0001","The person 259608 does not exist.",arc,v1, , ,,,,,
468,267105,FALSE,2832,200,"0001","The person 267105 does not exist.",arc,v1, , ,,,,,
469,172368,PASS,2922,200,"","",arc,v1, , ,,,,,
470,268087,FALSE,4319,200,"0001","The person 268087 does not exist.",arc,v1, , ,,,,,
471,287473,FALSE,4149,200,"0001","The person 287473 does not exist.",arc,v1, , ,,,,,
472,294614,FALSE,4312,200,"0001","The person 294614 does not exist.",arc,v1, , ,,,,,
473,294606,FALSE,4127,200,"0001","The person 294606 does not exist.",arc,v1, , ,,,,,
474,311640,FALSE,4039,200,"0001 0001 0001","The person 311640 does not exist. The person 311640 does not exist. The person 311640 does not exist.",arc,v1, , ,,,,,
475,315757,FALSE,3102,200,"0001 0001 0001","The person 315757 does not exist. The person 315757 does not exist. The person 315757 does not exist.",arc,v1, , ,,,,,
476,173119,PASS,3824,200,"","",arc,v1, , ,,,,,
477,331743,FALSE,2497,200,"0001 0001 0001","The person 331743 does not exist. The person 331743 does not exist. The person 331743 does not exist.",arc,v1, , ,,,,,
478,173883,PASS,2897,200,"","",arc,v1, , ,,,,,
479,176754,PASS,2856,200,"","",arc,v1, , ,,,,,
480,176859,PASS,2663,200,"","",arc,v1, , ,,,,,
481,180661,PASS,2736,200,"","",arc,v1, , ,,,,,
482,184646,PASS,3828,200,"","",arc,v1, , ,,,,,
483,184764,PASS,2632,200,"","",arc,v1, , ,,,,,
484,188532,PASS,2370,200,"","",arc,v1, , ,,,,,
485,207405,PASS,3257,200,"","",arc,v1, , ,,,,,
486,207907,PASS,2811,200,"","",arc,v1, , ,,,,,
487,208033,PASS,3001,200,"","",arc,v1, , ,,,,,
488,208324,PASS,4317,200,"","",arc,v1, , ,,,,,
489,211334,PASS,4353,200,"","",arc,v1, , ,,,,,
490,213270,PASS,4625,200,"","",arc,v1, , ,,,,,
491,216205,PASS,4619,200,"","",arc,v1, , ,,,,,
492,218945,PASS,3625,200,"","",arc,v1, , ,,,,,
493,222445,PASS,4152,200,"","",arc,v1, , ,,,,,
494,228306,PASS,2764,200,"","",arc,v1, , ,,,,,
495,228991,PASS,3338,200,"","",arc,v1, , ,,,,,
496,237205,PASS,2602,200,"","",arc,v1, , ,,,,,
497,238705,FALSE,2888,200,"0001","The person 238705 does not exist.",arc,v1, , ,,,,,
498,238868,FALSE,3293,200,"0001","The person 238868 does not exist.",arc,v1, , ,,,,,
499,244245,FALSE,2413,200,"0001","The person 244245 does not exist.",arc,v1, , ,,,,,
500,245287,FALSE,2665,200,"0001","The person 245287 does not exist.",arc,v1, , ,,,,,
501,244448,FALSE,3510,200,"0001","The person 244448 does not exist.",arc,v1, , ,,,,,
502,151897,PASS,3469,200,"","",arc,v1, , ,,,,,
503,156253,PASS,2916,200,"","",arc,v1, , ,,,,,
504,157374,PASS,2562,200,"","",arc,v1, , ,,,,,
505,159662,PASS,2993,200,"","",arc,v1, , ,,,,,
506,160992,PASS,4660,200,"","",arc,v1, , ,,,,,
507,166192,PASS,4291,200,"","",arc,v1, , ,,,,,
508,163069,PASS,9499,200,"","",arc,v1, , ,,,,,
509,54172,PASS,4580,200,"","",arc,v1, , ,,,,,
510,161721,PASS,3048,200,"","",arc,v1, , ,,,,,
511,162364,PASS,5308,200,"","",arc,v1, , ,,,,,
512,172441,PASS,2894,200,"","",arc,v1, , ,,,,,
513,173004,PASS,3441,200,"","",arc,v1, , ,,,,,
514,179027,PASS,2816,200,"","",arc,v1, , ,,,,,
515,179685,PASS,3104,200,"","",arc,v1, , ,,,,,
516,184333,PASS,2899,200,"","",arc,v1, , ,,,,,
517,185567,PASS,2708,200,"","",arc,v1, , ,,,,,
518,249785,FALSE,3723,200,"0001","The person 249785 does not exist.",arc,v1, , ,,,,,
519,254885,FALSE,3772,200,"0001","The person 254885 does not exist.",arc,v1, , ,,,,,
520,257429,FALSE,3759,200,"0001","The person 257429 does not exist.",arc,v1, , ,,,,,
521,258148,FALSE,4580,200,"0001","The person 258148 does not exist.",arc,v1, , ,,,,,
522,124860,FALSE,4526,200,"0001","The person 124860 does not exist.",arc,v1, , ,,,,,
523,260187,FALSE,6156,200,"0001","The person 260187 does not exist.",arc,v1, , ,,,,,
524,268948,FALSE,4264,200,"0001","The person 268948 does not exist.",arc,v1, , ,,,,,
525,277845,FALSE,2544,200,"0001","The person 277845 does not exist.",arc,v1, , ,,,,,
526,285447,FALSE,2483,200,"0001","The person 285447 does not exist.",arc,v1, , ,,,,,
527,288929,FALSE,2667,200,"0001","The person 288929 does not exist.",arc,v1, , ,,,,,
528,289009,FALSE,2614,200,"0001","The person 289009 does not exist.",arc,v1, , ,,,,,
529,291231,FALSE,2671,200,"0001","The person 291231 does not exist.",arc,v1, , ,,,,,
530,294431,FALSE,2644,200,"0001","The person 294431 does not exist.",arc,v1, , ,,,,,
531,294609,FALSE,2606,200,"0001","The person 294609 does not exist.",arc,v1, , ,,,,,
532,295811,FALSE,4675,200,"0001 0001 0001","The person 295811 does not exist. The person 295811 does not exist. The person 295811 does not exist.",arc,v1, , ,,,,,
533,317484,FALSE,2752,200,"0001 0001 0001","The person 317484 does not exist. The person 317484 does not exist. The person 317484 does not exist.",arc,v1, , ,,,,,
534,29302,PASS,2785,200,"","",arc,v1, , ,,,,,
535,98625,PASS,3056,200,"","",arc,v1, , ,,,,,
536,176985,PASS,2813,200,"","",arc,v1, , ,,,,,
537,187621,PASS,2793,200,"","",arc,v1, , ,,,,,
538,72858,PASS,7533,200,"","",arc,v1, , ,,,,,
539,196225,PASS,4604,200,"","",arc,v1, , ,,,,,
540,214041,PASS,5250,200,"","",arc,v1, , ,,,,,
541,215151,PASS,4599,200,"","",arc,v1, , ,,,,,
542,217889,PASS,4898,200,"","",arc,v1, , ,,,,,
543,225333,PASS,2492,200,"","",arc,v1, , ,,,,,
544,226148,PASS,3206,200,"","",arc,v1, , ,,,,,
545,229867,PASS,4480,200,"","",arc,v1, , ,,,,,
546,230685,PASS,3098,200,"","",arc,v1, , ,,,,,
547,231905,PASS,3794,200,"","",arc,v1, , ,,,,,
548,233714,PASS,4331,200,"","",arc,v1, , ,,,,,
549,236406,PASS,2512,200,"","",arc,v1, , ,,,,,
550,238727,FALSE,3753,200,"0001","The person 238727 does not exist.",arc,v1, , ,,,,,
551,238880,FALSE,2718,200,"0001","The person 238880 does not exist.",arc,v1, , ,,,,,
552,245030,FALSE,2853,200,"0001","The person 245030 does not exist.",arc,v1, , ,,,,,
553,249167,FALSE,3605,200,"0001","The person 249167 does not exist.",arc,v1, , ,,,,,
554,261125,FALSE,5818,200,"0001","The person 261125 does not exist.",arc,v1, , ,,,,,
555,273981,FALSE,4822,200,"0001","The person 273981 does not exist.",arc,v1, , ,,,,,
556,284771,FALSE,4875,200,"0001","The person 284771 does not exist.",arc,v1, , ,,,,,
557,285165,FALSE,3526,200,"0001","The person 285165 does not exist.",arc,v1, , ,,,,,
558,288932,FALSE,2844,200,"0001","The person 288932 does not exist.",arc,v1, , ,,,,,
559,295814,FALSE,2908,200,"0001 0001 0001","The person 295814 does not exist. The person 295814 does not exist. The person 295814 does not exist.",arc,v1, , ,,,,,
560,298008,FALSE,2881,200,"0001 0001 0001","The person 298008 does not exist. The person 298008 does not exist. The person 298008 does not exist.",arc,v1, , ,,,,,
561,331741,FALSE,2771,200,"0001 0001 0001","The person 331741 does not exist. The person 331741 does not exist. The person 331741 does not exist.",arc,v1, , ,,,,,
562,261126,FALSE,3819,200,"0001","The person 261126 does not exist.",arc,v1, , ,,,,,
563,111947,PASS,2704,200,"","",arc,v1, , ,,,,,
564,331383,FALSE,2982,200,"0001 0001 0001","The person 331383 does not exist. The person 331383 does not exist. The person 331383 does not exist.",arc,v1, , ,,,,,
565,30722,PASS,3721,200,"","",arc,v1, , ,,,,,
566,325478,FALSE,2599,200,"0001 0001 0001","The person 325478 does not exist. The person 325478 does not exist. The person 325478 does not exist.",arc,v1, , ,,,,,
567,325481,FALSE,2747,200,"0001 0001 0001","The person 325481 does not exist. The person 325481 does not exist. The person 325481 does not exist.",arc,v1, , ,,,,,
568,327029,FALSE,2680,200,"0001 0001 0001","The person 327029 does not exist. The person 327029 does not exist. The person 327029 does not exist.",arc,v1, , ,,,,,
569,327032,FALSE,2696,200,"0001 0001 0001","The person 327032 does not exist. The person 327032 does not exist. The person 327032 does not exist.",arc,v1, , ,,,,,
570,327739,FALSE,2868,200,"0001 0001 0001","The person 327739 does not exist. The person 327739 does not exist. The person 327739 does not exist.",arc,v1, , ,,,,,
571,328316,FALSE,5024,200,"0001 0001 0001","The person 328316 does not exist. The person 328316 does not exist. The person 328316 does not exist.",arc,v1, , ,,,,,
572,325482,FALSE,4194,200,"0001 0001 0001","The person 325482 does not exist. The person 325482 does not exist. The person 325482 does not exist.",arc,v1, , ,,,,,
573,325609,FALSE,4662,200,"0001 0001 0001","The person 325609 does not exist. The person 325609 does not exist. The person 325609 does not exist.",arc,v1, , ,,,,,
574,325487,FALSE,5688,200,"0001 0001 0001","The person 325487 does not exist. The person 325487 does not exist. The person 325487 does not exist.",arc,v1, , ,,,,,
575,328053,FALSE,5211,200,"0001 0001 0001","The person 328053 does not exist. The person 328053 does not exist. The person 328053 does not exist.",arc,v1, , ,,,,,
576,328314,FALSE,2944,200,"0001 0001 0001","The person 328314 does not exist. The person 328314 does not exist. The person 328314 does not exist.",arc,v1, , ,,,,,
577,328588,FALSE,3862,200,"0001 0001 0001","The person 328588 does not exist. The person 328588 does not exist. The person 328588 does not exist.",arc,v1, , ,,,,,
578,328876,FALSE,2600,200,"0001 0001 0001","The person 328876 does not exist. The person 328876 does not exist. The person 328876 does not exist.",arc,v1, , ,,,,,
579,328878,FALSE,3114,200,"0001 0001 0001","The person 328878 does not exist. The person 328878 does not exist. The person 328878 does not exist.",arc,v1, , ,,,,,
580,329264,FALSE,6303,200,"0001 0001 0001","The person 329264 does not exist. The person 329264 does not exist. The person 329264 does not exist.",arc,v1, , ,,,,,
581,329447,FALSE,4155,200,"0001 0001 0001","The person 329447 does not exist. The person 329447 does not exist. The person 329447 does not exist.",arc,v1, , ,,,,,
582,329545,FALSE,12364,200,"0001 0001 0001","The person 329545 does not exist. The person 329545 does not exist. The person 329545 does not exist.",arc,v1, , ,,,,,
583,330012,FALSE,22306,200,"0001 0001 0001","The person 330012 does not exist. The person 330012 does not exist. The person 330012 does not exist.",arc,v1, , ,,,,,
584,330016,FALSE,5919,200,"0001 0001 0001","The person 330016 does not exist. The person 330016 does not exist. The person 330016 does not exist.",arc,v1, , ,,,,,
585,330453,FALSE,3376,200,"0001 0001 0001","The person 330453 does not exist. The person 330453 does not exist. The person 330453 does not exist.",arc,v1, , ,,,,,
586,330758,FALSE,6163,200,"0001 0001 0001","The person 330758 does not exist. The person 330758 does not exist. The person 330758 does not exist.",arc,v1, , ,,,,,
587,330897,FALSE,5130,200,"0001 0001 0001","The person 330897 does not exist. The person 330897 does not exist. The person 330897 does not exist.",arc,v1, , ,,,,,
588,330985,FALSE,3305,200,"0001 0001 0001","The person 330985 does not exist. The person 330985 does not exist. The person 330985 does not exist.",arc,v1, , ,,,,,
589,331102,FALSE,3760,200,"0001 0001 0001","The person 331102 does not exist. The person 331102 does not exist. The person 331102 does not exist.",arc,v1, , ,,,,,
590,113179,PASS,3592,200,"","",arc,v1, , ,,,,,
591,325477,FALSE,3705,200,"0001 0001 0001","The person 325477 does not exist. The person 325477 does not exist. The person 325477 does not exist.",arc,v1, , ,,,,,
592,328315,FALSE,6143,200,"0001 0001 0001","The person 328315 does not exist. The person 328315 does not exist. The person 328315 does not exist.",arc,v1, , ,,,,,
593,328873,FALSE,13132,200,"0001 0001 0001","The person 328873 does not exist. The person 328873 does not exist. The person 328873 does not exist.",arc,v1, , ,,,,,
594,329445,FALSE,5446,200,"0001 0001 0001","The person 329445 does not exist. The person 329445 does not exist. The person 329445 does not exist.",arc,v1, , ,,,,,
595,330164,FALSE,5042,200,"0001 0001 0001","The person 330164 does not exist. The person 330164 does not exist. The person 330164 does not exist.",arc,v1, , ,,,,,
596,330673,FALSE,5339,200,"0001 0001 0001","The person 330673 does not exist. The person 330673 does not exist. The person 330673 does not exist.",arc,v1, , ,,,,,
597,330757,FALSE,3379,200,"0001 0001 0001","The person 330757 does not exist. The person 330757 does not exist. The person 330757 does not exist.",arc,v1, , ,,,,,
598,330760,FALSE,3819,200,"0001 0001 0001","The person 330760 does not exist. The person 330760 does not exist. The person 330760 does not exist.",arc,v1, , ,,,,,
599,150355,FALSE,8573,200,"0002 0364 0360 0362","The MonthlySalaryToBeCharged field is mandatory. Salary Start date must be after the last account closing. The salary start date must be between the opening access date and the closure access date. Cannot find a payroll employment rate on the salary start date.",arc,v1, , ,,,,,
600,331103,FALSE,3954,200,"0001 0001 0001","The person 331103 does not exist. The person 331103 does not exist. The person 331103 does not exist.",arc,v1, , ,,,,,
601,28922,FALSE,8670,200,"0001 0001 0001 0001 0100 0002 0364 0360 0362","The person 28922 does not exist. The person 28922 does not exist. The person 28922 does not exist. The person 28922 does not exist. The site’s salary tax rate must be higher than 0. The MonthlySalaryToBeCharged field is mandatory. Salary Start date must be after the last account closing. The salary start date must be between the opening access date and the closure access date. Cannot find a payroll employment rate on the salary start date.",arc,v1, , ,,,,,
602,329266,FALSE,15874,200,"0001 0001 0001","The person 329266 does not exist. The person 329266 does not exist. The person 329266 does not exist.",arc,v1, , ,,,,,
603,329446,FALSE,4831,200,"0001 0001 0001","The person 329446 does not exist. The person 329446 does not exist. The person 329446 does not exist.",arc,v1, , ,,,,,
604,330015,FALSE,5660,200,"0001 0001 0001","The person 330015 does not exist. The person 330015 does not exist. The person 330015 does not exist.",arc,v1, , ,,,,,
605,330759,FALSE,4347,200,"0001 0001 0001","The person 330759 does not exist. The person 330759 does not exist. The person 330759 does not exist.",arc,v1, , ,,,,,
606,330896,FALSE,2654,200,"0001 0001 0001","The person 330896 does not exist. The person 330896 does not exist. The person 330896 does not exist.",arc,v1, , ,,,,,
607,330986,FALSE,2725,200,"0001 0001 0001","The person 330986 does not exist. The person 330986 does not exist. The person 330986 does not exist.",arc,v1, , ,,,,,
608,330990,FALSE,2544,200,"0001 0001 0001","The person 330990 does not exist. The person 330990 does not exist. The person 330990 does not exist.",arc,v1, , ,,,,,
609,331742,FALSE,2739,200,"0001 0001 0001","The person 331742 does not exist. The person 331742 does not exist. The person 331742 does not exist.",arc,v1, , ,,,,,
610,325484,FALSE,2688,200,"0001 0001 0001","The person 325484 does not exist. The person 325484 does not exist. The person 325484 does not exist.",arc,v1, , ,,,,,
611,327194,FALSE,2700,200,"0001 0001 0001","The person 327194 does not exist. The person 327194 does not exist. The person 327194 does not exist.",arc,v1, , ,,,,,
612,179112,PASS,2681,200,"","",arc,v1, , ,,,,,
613,134577,PASS,2453,200,"","",arc,v1, , ,,,,,
614,328881,FALSE,2871,200,"0001 0001 0001","The person 328881 does not exist. The person 328881 does not exist. The person 328881 does not exist.",arc,v1, , ,,,,,
615,327195,FALSE,4128,200,"0001 0001 0001","The person 327195 does not exist. The person 327195 does not exist. The person 327195 does not exist.",arc,v1, , ,,,,,
616,330048,FALSE,4214,200,"0001 0001 0001","The person 330048 does not exist. The person 330048 does not exist. The person 330048 does not exist.",arc,v1, , ,,,,,
617,329265,FALSE,4682,200,"0001 0001 0001","The person 329265 does not exist. The person 329265 does not exist. The person 329265 does not exist.",arc,v1, , ,,,,,
618,131370,FALSE,8124,200,"0001 0001 0001 0100 0002 0364 0360 0362","The person 131370 does not exist. The person 131370 does not exist. The person 131370 does not exist. The site’s salary tax rate must be higher than 0. The MonthlySalaryToBeCharged field is mandatory. Salary Start date must be after the last account closing. The salary start date must be between the opening access date and the closure access date. Cannot find a payroll employment rate on the salary start date.",arc,v1, , ,,,,,
619,330902,FALSE,3441,200,"0001 0001 0001","The person 330902 does not exist. The person 330902 does not exist. The person 330902 does not exist.",arc,v1, , ,,,,,
620,331100,FALSE,3042,200,"0001 0001 0001","The person 331100 does not exist. The person 331100 does not exist. The person 331100 does not exist.",arc,v1, , ,,,,,
621,331386,FALSE,3416,200,"0001 0001 0001","The person 331386 does not exist. The person 331386 does not exist. The person 331386 does not exist.",arc,v1, , ,,,,,
622,325485,FALSE,2662,200,"0001 0001 0001","The person 325485 does not exist. The person 325485 does not exist. The person 325485 does not exist.",arc,v1, , ,,,,,
623,329444,FALSE,2637,200,"0001 0001 0001","The person 329444 does not exist. The person 329444 does not exist. The person 329444 does not exist.",arc,v1, , ,,,,,
624,330165,FALSE,2937,200,"0001 0001 0001","The person 330165 does not exist. The person 330165 does not exist. The person 330165 does not exist.",arc,v1, , ,,,,,
625,331101,FALSE,2695,200,"0001 0001 0001","The person 331101 does not exist. The person 331101 does not exist. The person 331101 does not exist.",arc,v1, , ,,,,,
626,331387,FALSE,3325,200,"0001 0001 0001","The person 331387 does not exist. The person 331387 does not exist. The person 331387 does not exist.",arc,v1, , ,,,,,
627,329546,FALSE,3383,200,"0001 0001 0001","The person 329546 does not exist. The person 329546 does not exist. The person 329546 does not exist.",arc,v1, , ,,,,,
628,330166,FALSE,4134,200,"0001 0001 0001","The person 330166 does not exist. The person 330166 does not exist. The person 330166 does not exist.",arc,v1, , ,,,,,
629,330756,FALSE,2477,200,"0001 0001 0001","The person 330756 does not exist. The person 330756 does not exist. The person 330756 does not exist.",arc,v1, , ,,,,,
630,257166,FALSE,3297,200,"0001","The person 257166 does not exist.",arc,v1, , ,,,,,
631,329263,FALSE,2553,200,"0001 0001 0001","The person 329263 does not exist. The person 329263 does not exist. The person 329263 does not exist.",arc,v1, , ,,,,,
632,330011,FALSE,2718,200,"0001 0001 0001","The person 330011 does not exist. The person 330011 does not exist. The person 330011 does not exist.",arc,v1, , ,,,,,
633,330674,FALSE,3924,200,"0001 0001 0001","The person 330674 does not exist. The person 330674 does not exist. The person 330674 does not exist.",arc,v1, , ,,,,,
634,330901,FALSE,4365,200,"0001 0001 0001","The person 330901 does not exist. The person 330901 does not exist. The person 330901 does not exist.",arc,v1, , ,,,,,
635,330987,FALSE,4542,200,"0001 0001 0001","The person 330987 does not exist. The person 330987 does not exist. The person 330987 does not exist.",arc,v1, , ,,,,,
636,220585,PASS,4606,200,"","",arc,v1, , ,,,,,
637,164323,PASS,4328,200,"","",arc,v1, , ,,,,,
638,60023,PASS,3479,200,"","",arc,v1, , ,,,,,
639,207447,PASS,3639,200,"","",arc,v1, , ,,,,,
640,327031,FALSE,2664,200,"0001 0001 0001","The person 327031 does not exist. The person 327031 does not exist. The person 327031 does not exist.",arc,v1, , ,,,,,
641,330013,FALSE,2865,200,"0001 0001 0001","The person 330013 does not exist. The person 330013 does not exist. The person 330013 does not exist.",arc,v1, , ,,,,,
642,114564,PASS,2737,200,"","",arc,v1, , ,,,,,
643,284948,FALSE,2986,200,"0001","The person 284948 does not exist.",arc,v1, , ,,,,,
644,181590,PASS,3381,200,"","",arc,v1, , ,,,,,
645,241750,FALSE,2383,200,"0001","The person 241750 does not exist.",arc,v1, , ,,,,,
646,161432,PASS,2580,200,"","",arc,v1, , ,,,,,
647,32132,PASS,5109,200,"","",arc,v1, , ,,,,,
648,175403,PASS,2501,200,"","",arc,v1, , ,,,,,
649,66616,PASS,6868,200,"","",arc,v1, , ,,,,,
650,5881,PASS,6403,200,"","",arc,v1, , ,,,,,
651,7739,PASS,8974,200,"","",arc,v1, , ,,,,,
652,278259,FALSE,4374,200,"0001","The person 278259 does not exist.",arc,v1, , ,,,,,
653,259489,FALSE,3044,200,"0001","The person 259489 does not exist.",arc,v1, , ,,,,,
654,33251,PASS,2738,200,"","",arc,v1, , ,,,,,
655,144117,PASS,2648,200,"","",arc,v1, , ,,,,,
656,267776,FALSE,4612,200,"0001","The person 267776 does not exist.",arc,v1, , ,,,,,
657,292191,FALSE,2707,200,"0001","The person 292191 does not exist.",arc,v1, , ,,,,,
658,113972,PASS,2623,200,"","",arc,v1, , ,,,,,
659,174811,PASS,2530,200,"","",arc,v1, , ,,,,,
660,39917,PASS,3533,200,"","",arc,v1, , ,,,,,
661,70525,PASS,3310,200,"","",arc,v1, , ,,,,,
662,72221,PASS,2608,200,"","",arc,v1, , ,,,,,
663,60445,PASS,2588,200,"","",arc,v1, , ,,,,,
664,146789,PASS,2691,200,"","",arc,v1, , ,,,,,
665,70225,PASS,2881,200,"","",arc,v1, , ,,,,,
666,272406,FALSE,4385,200,"0001","The person 272406 does not exist.",arc,v1, , ,,,,,
667,156953,PASS,5570,200,"","",arc,v1, , ,,,,,
668,150440,PASS,4555,200,"","",arc,v1, , ,,,,,
669,292189,FALSE,4632,200,"0001","The person 292189 does not exist.",arc,v1, , ,,,,,
670,274765,FALSE,3989,200,"0001","The person 274765 does not exist.",arc,v1, , ,,,,,
671,16785,PASS,4148,200,"","",arc,v1, , ,,,,,
672,24647,PASS,4077,200,"","",arc,v1, , ,,,,,
673,180341,PASS,3172,200,"","",arc,v1, , ,,,,,
674,216849,PASS,2735,200,"","",arc,v1, , ,,,,,
675,268692,FALSE,2708,200,"0001","The person 268692 does not exist.",arc,v1, , ,,,,,
676,278145,FALSE,4888,200,"0001","The person 278145 does not exist.",arc,v1, , ,,,,,
677,286445,FALSE,3074,200,"0001","The person 286445 does not exist.",arc,v1, , ,,,,,
678,292328,FALSE,2536,200,"0001","The person 292328 does not exist.",arc,v1, , ,,,,,
679,280787,FALSE,2836,200,"0001","The person 280787 does not exist.",arc,v1, , ,,,,,
680,295793,FALSE,2867,200,"0001","The person 295793 does not exist.",arc,v1, , ,,,,,
681,311630,FALSE,5640,200,"0001 0001 0001","The person 311630 does not exist. The person 311630 does not exist. The person 311630 does not exist.",arc,v1, , ,,,,,
682,331747,FALSE,4967,200,"0001 0001 0001","The person 331747 does not exist. The person 331747 does not exist. The person 331747 does not exist.",arc,v1, , ,,,,,
683,102899,PASS,5117,200,"","",arc,v1, , ,,,,,
684,150279,PASS,5917,200,"","",arc,v1, , ,,,,,
685,147449,PASS,3112,200,"","",arc,v1, , ,,,,,
686,210326,PASS,3477,200,"","",arc,v1, , ,,,,,
687,228245,PASS,3890,200,"","",arc,v1, , ,,,,,
688,159172,PASS,4101,200,"","",arc,v1, , ,,,,,
689,231215,PASS,3988,200,"","",arc,v1, , ,,,,,
690,241766,FALSE,2701,200,"0001","The person 241766 does not exist.",arc,v1, , ,,,,,
691,173767,PASS,2561,200,"","",arc,v1, , ,,,,,
692,249570,FALSE,2948,200,"0001","The person 249570 does not exist.",arc,v1, , ,,,,,
693,260405,FALSE,2624,200,"0001","The person 260405 does not exist.",arc,v1, , ,,,,,
694,225500,PASS,2502,200,"","",arc,v1, , ,,,,,
695,276965,FALSE,2758,200,"0001","The person 276965 does not exist.",arc,v1, , ,,,,,
696,265005,FALSE,2904,200,"0001","The person 265005 does not exist.",arc,v1, , ,,,,,
697,277508,FALSE,2543,200,"0001","The person 277508 does not exist.",arc,v1, , ,,,,,
698,283845,FALSE,2956,200,"0001","The person 283845 does not exist.",arc,v1, , ,,,,,
699,280026,FALSE,3969,200,"0001","The person 280026 does not exist.",arc,v1, , ,,,,,
700,290771,FALSE,4927,200,"0001","The person 290771 does not exist.",arc,v1, , ,,,,,
701,280791,FALSE,5112,200,"0001","The person 280791 does not exist.",arc,v1, , ,,,,,
702,284126,FALSE,5482,200,"0001","The person 284126 does not exist.",arc,v1, , ,,,,,
703,280792,FALSE,2635,200,"0001","The person 280792 does not exist.",arc,v1, , ,,,,,
704,280586,FALSE,2840,200,"0001","The person 280586 does not exist.",arc,v1, , ,,,,,
705,305481,FALSE,2627,200,"0001 0001 0001","The person 305481 does not exist. The person 305481 does not exist. The person 305481 does not exist.",arc,v1, , ,,,,,
706,301251,FALSE,2875,200,"0001 0001 0001","The person 301251 does not exist. The person 301251 does not exist. The person 301251 does not exist.",arc,v1, , ,,,,,
707,330898,FALSE,3926,200,"0001 0001 0001","The person 330898 does not exist. The person 330898 does not exist. The person 330898 does not exist.",arc,v1, , ,,,,,
708,305479,FALSE,3351,200,"0001 0001 0001","The person 305479 does not exist. The person 305479 does not exist. The person 305479 does not exist.",arc,v1, , ,,,,,
709,321950,FALSE,2791,200,"0001 0001 0001","The person 321950 does not exist. The person 321950 does not exist. The person 321950 does not exist.",arc,v1, , ,,,,,
710,328875,FALSE,2769,200,"0001 0001 0001","The person 328875 does not exist. The person 328875 does not exist. The person 328875 does not exist.",arc,v1, , ,,,,,
711,207389,PASS,3203,200,"","",arc,v1, , ,,,,,
712,110924,PASS,2999,200,"","",arc,v1, , ,,,,,
713,130533,PASS,3093,200,"","",arc,v1, , ,,,,,
714,133911,PASS,2959,200,"","",arc,v1, , ,,,,,
715,28685,PASS,2826,200,"","",arc,v1, , ,,,,,
716,157302,PASS,4462,200,"","",arc,v1, , ,,,,,
717,255767,FALSE,5320,200,"0001","The person 255767 does not exist.",arc,v1, , ,,,,,
718,328879,FALSE,5378,200,"0001 0001 0001","The person 328879 does not exist. The person 328879 does not exist. The person 328879 does not exist.",arc,v1, , ,,,,,
719,177473,PASS,7565,200,"","",arc,v1, , ,,,,,
720,173457,PASS,3096,200,"","",arc,v1, , ,,,,,

